threads, size, time
12, 3600, 2.38795
8, 3600, 3.25945
6, 3600, 4.23407
4, 3600, 6.41987
2, 3600, 11.4542
1, 3600, 22.4398
12, 2400, 0.696749
8, 2400, 0.949565
6, 2400, 1.24105
4, 2400, 1.87738
2, 2400, 3.34102
1, 2400, 6.53604
